WinRate,NumGames
0.5,100
0.455,200
0.43666666666666665,300
0.45,400
0.458,500
0.4633333333333333,600
0.46285714285714286,700
0.465,800
0.46444444444444444,900
0.454,1000
