WinRate,NumGames
0.37,100
0.355,200
0.37666666666666665,300
0.355,400
0.364,500
0.375,600
0.3757142857142857,700
0.37625,800
0.3788888888888889,900
0.38,1000
