WinRate,NumGames
0.29,100
0.35,200
0.38666666666666666,300
0.4075,400
0.414,500
0.4166666666666667,600
0.4142857142857143,700
0.41375,800
0.4088888888888889,900
0.409,1000
