WinRate,NumGames
0.46,100
0.455,200
0.4633333333333333,300
0.4575,400
0.48,500
0.4683333333333333,600
0.4642857142857143,700
0.46125,800
0.45111111111111113,900
0.456,1000
