WinRate,NumGames
0.43,100
0.43,200
0.4533333333333333,300
0.45,400
0.444,500
0.43833333333333335,600
0.45,700
0.4525,800
0.45444444444444443,900
0.448,1000
