WinRate,NumGames
0.48,100
0.465,200
0.4633333333333333,300
0.44,400
0.438,500
0.44,600
0.44857142857142857,700
0.4575,800
0.45555555555555555,900
0.446,1000
