WinRate,NumGames
0.41,100
0.45,200
0.44666666666666666,300
0.4625,400
0.438,500
0.44666666666666666,600
0.44142857142857145,700
0.4525,800
0.44333333333333336,900
0.444,1000
