WinRate,NumGames
0.47,100
0.45,200
0.4666666666666667,300
0.4775,400
0.476,500
0.4716666666666667,600
0.4785714285714286,700
0.4775,800
0.48444444444444446,900
0.484,1000
